{
  "metrics": {
    "Baseline": {
      "Hit@1": 57.68742058449809,
      "Hit@3": 79.8162447463591,
      "Hit@5": 86.41384028931678,
      "MRR": 70.34075632767143
    },
    "iKnow": {
      "Hit@1": 58.782132733848115,
      "Hit@3": 80.83276317075556,
      "Hit@5": 87.62584302609716,
      "MRR": 71.36862756112919
    },
    "Full2Hop": {
      "Hit@1": 63.835402208972724,
      "Hit@3": 83.36428501612745,
      "Hit@5": 88.43710292249047,
      "MRR": 74.78871125666711
    },
    "Selective2Hop": {
      "Hit@1": 63.81585377773433,
      "Hit@3": 83.31541393803147,
      "Hit@5": 88.38823184439448,
      "MRR": 74.78170041742494
    }
  },
  "stats": {
    "Baseline": {
      "avg_prompts": 1.0,
      "avg_time_ms": 12.335247080436305
    },
    "iKnow": {
      "avg_prompts": 42.51168018766494,
      "avg_time_ms": 317.4564112503966
    },
    "Full2Hop": {
      "avg_prompts": 227.9524973120907,
      "avg_time_ms": 1627.863172911069
    },
    "Selective2Hop": {
      "avg_prompts": 55.32900009774215,
      "avg_time_ms": 408.4968688539041,
      "hop2_activation_sample": 0.9981428990323526,
      "hop2_activation_candidate": 0.3523018277783208
    }
  }
}