{
  "module_path": "/data/zkx/zkx/iknow-audio/16.综合/esc50/test.py",
  "kappa": 50.0,
  "results": {
    "Baseline": {
      "Hit@1": 91.10000000000001,
      "Hit@3": 96.75,
      "Hit@5": 97.65,
      "MRR": 94.10549431018471,
      "avg_prompts": 1.0,
      "avg_time_ms": 12.202792763710022
    },
    "1-Hop_iKnow": {
      "Hit@1": 92.15,
      "Hit@3": 96.95,
      "Hit@5": 97.65,
      "MRR": 94.74716097685139,
      "avg_prompts": 47.54,
      "avg_time_ms": 3347.5922590494156
    },
    "All_2Hop_iKnow_Eq": {
      "Hit@1": 86.05000000000001,
      "Hit@3": 94.75,
      "Hit@5": 97.65,
      "MRR": 90.90299431018471,
      "avg_prompts": 398.284,
      "avg_time_ms": 3347.591863632202
    },
    "All_2Hop_Ours_Eq": {
      "Hit@1": 91.95,
      "Hit@3": 96.85000000000001,
      "Hit@5": 97.65,
      "MRR": 94.60049431018471,
      "avg_prompts": 0.0,
      "avg_time_ms": 0.0
    },
    "Selective_Ours": {
      "Hit@1": 91.85,
      "Hit@3": 96.8,
      "Hit@5": 97.65,
      "MRR": 94.5379943101847,
      "avg_prompts": 48.399,
      "avg_time_ms": 3347.592111825943,
      "trigger_rate": 0.381,
      "avg_alpha": 0.5535517170220614
    }
  }
}