{
  "module_path": "/data/zkx/zkx/iknow-audio/16.综合/esc50/test.py",
  "kappa": 5.0,
  "results": {
    "Baseline": {
      "Hit@1": 91.10000000000001,
      "Hit@3": 96.75,
      "Hit@5": 97.65,
      "MRR": 94.10549431018471,
      "avg_prompts": 1.0,
      "avg_time_ms": 12.698581576347351
    },
    "1-Hop_iKnow": {
      "Hit@1": 93.05,
      "Hit@3": 96.89999999999999,
      "Hit@5": 97.5,
      "MRR": 95.21686335780376,
      "avg_prompts": 47.54,
      "avg_time_ms": 3445.235499024391
    },
    "All_2Hop_iKnow_Eq": {
      "Hit@1": 89.64999999999999,
      "Hit@3": 95.8,
      "Hit@5": 97.65,
      "MRR": 93.11966097685138,
      "avg_prompts": 398.284,
      "avg_time_ms": 3445.235180616379
    },
    "All_2Hop_Ours_Eq": {
      "Hit@1": 92.7,
      "Hit@3": 96.85000000000001,
      "Hit@5": 97.65,
      "MRR": 95.01966097685138,
      "avg_prompts": 0.0,
      "avg_time_ms": 0.0
    },
    "Selective_Ours": {
      "Hit@1": 92.35,
      "Hit@3": 96.95,
      "Hit@5": 97.65,
      "MRR": 94.83632764351805,
      "avg_prompts": 48.399,
      "avg_time_ms": 3445.235380411148,
      "trigger_rate": 0.381,
      "avg_alpha": 0.5535517170220614
    }
  }
}