{
  "metrics": {
    "Baseline": {
      "Hit@1": 57.22070844686649,
      "Hit@3": 83.65122615803816,
      "Hit@5": 90.19073569482289,
      "MRR": 71.9860861209635
    },
    "iKnow": {
      "Hit@1": 58.03814713896458,
      "Hit@3": 84.46866485013625,
      "Hit@5": 90.73569482288828,
      "MRR": 72.59613758932561
    },
    "Full2Hop": {
      "Hit@1": 59.12806539509536,
      "Hit@3": 83.37874659400545,
      "Hit@5": 90.19073569482289,
      "MRR": 73.00334316001891
    },
    "Selective2Hop": {
      "Hit@1": 59.40054495912806,
      "Hit@3": 83.37874659400545,
      "Hit@5": 90.19073569482289,
      "MRR": 73.1532069202369
    }
  },
  "stats": {
    "Baseline": {
      "avg_prompts": 1.0,
      "avg_time_ms": 11.966843046349465
    },
    "iKnow": {
      "avg_prompts": 41.310626702997276,
      "avg_time_ms": 320.8777176911565
    },
    "Full2Hop": {
      "avg_prompts": 557.8964577656676,
      "avg_time_ms": 4150.2012459393745
    },
    "Selective2Hop": {
      "avg_prompts": 43.013623978201636,
      "avg_time_ms": 332.9938783307816,
      "hop2_activation_sample": 0.8228882833787466,
      "hop2_activation_candidate": 0.31934604904632147
    }
  }
}