{
  "metrics": {
    "Baseline": {
      "Hit@1": 58.03814713896458,
      "Hit@3": 83.10626702997274,
      "Hit@5": 91.55313351498637,
      "MRR": 71.92856265744548
    },
    "iKnow": {
      "Hit@1": 59.67302452316077,
      "Hit@3": 86.10354223433242,
      "Hit@5": 91.28065395095368,
      "MRR": 73.77234104073341
    },
    "Full2Hop": {
      "Hit@1": 60.49046321525886,
      "Hit@3": 83.10626702997274,
      "Hit@5": 91.55313351498637,
      "MRR": 73.72692778006129
    },
    "Selective2Hop": {
      "Hit@1": 60.49046321525886,
      "Hit@3": 83.37874659400545,
      "Hit@5": 91.55313351498637,
      "MRR": 73.79504767106945
    }
  },
  "stats": {
    "Baseline": {
      "avg_prompts": 1.0,
      "avg_time_ms": 9.898702844936777
    },
    "iKnow": {
      "avg_prompts": 41.26975476839237,
      "avg_time_ms": 317.10552714501154
    },
    "Full2Hop": {
      "avg_prompts": 557.4414168937329,
      "avg_time_ms": 4143.6280203775095
    },
    "Selective2Hop": {
      "avg_prompts": 43.0708446866485,
      "avg_time_ms": 331.3476155824168,
      "hop2_activation_sample": 0.8228882833787466,
      "hop2_activation_candidate": 0.3198910081743869
    }
  }
}