{
  "metrics": {
    "Baseline": {
      "Hit@1": 91.10000000000001,
      "Hit@3": 96.75,
      "Hit@5": 97.65,
      "MRR": 94.10549431018471
    },
    "iKnow": {
      "Hit@1": 91.3,
      "Hit@3": 96.85000000000001,
      "Hit@5": 97.65,
      "MRR": 94.29716097685137
    },
    "Full2Hop": {
      "Hit@1": 92.0,
      "Hit@3": 96.85000000000001,
      "Hit@5": 97.65,
      "MRR": 94.66632764351804
    },
    "Selective2Hop_OriginalAgg": {
      "Hit@1": 87.5,
      "Hit@3": 96.45,
      "Hit@5": 97.65,
      "MRR": 92.0679943101847
    },
    "Selective2Hop_Ours": {
      "Hit@1": 92.05,
      "Hit@3": 96.85000000000001,
      "Hit@5": 97.65,
      "MRR": 94.69966097685138
    },
    "Selective2Hop_RouterV2": {
      "Hit@1": 90.8,
      "Hit@3": 96.85000000000001,
      "Hit@5": 97.65,
      "MRR": 94.06382764351805
    }
  },
  "stats": {
    "Baseline": {
      "avg_prompts": 1.0,
      "avg_time_ms": 12.893378138542175
    },
    "iKnow": {
      "avg_prompts": 47.54,
      "avg_time_ms": 508.2878831624985
    },
    "Full2Hop": {
      "avg_prompts": 398.284,
      "avg_time_ms": 4181.364664912224
    },
    "Selective2Hop_OriginalAgg": {
      "avg_prompts": 57.915,
      "avg_time_ms": 639.9685850143433,
      "hop2_activation_sample": 0.45,
      "hop2_activation_candidate": 0.1293,
      "alpha_mean": 0.5035517170220614
    },
    "Selective2Hop_Ours": {
      "avg_prompts": 57.915,
      "avg_time_ms": 633.5452806949615,
      "hop2_activation_sample": 0.45,
      "hop2_activation_candidate": 0.1293,
      "alpha_mean": 0.5035517170220614
    },
    "Selective2Hop_RouterV2": {
      "avg_prompts": 57.915,
      "avg_time_ms": 1273.5138657093048,
      "hop2_activation_sample": 0.45,
      "hop2_activation_candidate": 0.1293,
      "alpha_mean": 0.5035517170220614,
      "route_choose_orig": 0.6075
    }
  },
  "meta": {
    "router_type": "disagreement_aware_logreg",
    "head_a": "Selective2Hop_OriginalAgg",
    "head_b": "Selective2Hop_Ours",
    "features": [
      "baseline_top1",
      "baseline_margin",
      "entropy",
      "originalagg_gain",
      "ours_gain",
      "hop2_activation_rate",
      "prompt_count_log1p"
    ],
    "n_folds": 5,
    "threshold_grid": [
      0.2,
      0.25,
      0.30000000000000004,
      0.35000000000000003,
      0.4,
      0.45000000000000007,
      0.5,
      0.55,
      0.6000000000000001,
      0.6500000000000001,
      0.7000000000000002,
      0.7500000000000002,
      0.8
    ],
    "global_threshold": 0.5,
    "usable_train_counts": [
      1189,
      1179,
      1209,
      1190,
      1189
    ],
    "trainable_ratio": 0.7445,
    "default_to_ours_ratio": 0.2205,
    "true_score_margin": 0.01,
    "default_switch_margin": 0.01,
    "skipped_count": 0,
    "diagnostics": {
      "coef_mean": [
        0.8275422960777282,
        0.7721483993611218,
        0.26462267386038885,
        -3.7668424695607685,
        5.198897488528984,
        -0.08569779118048457,
        -0.3398961077387994
      ],
      "coef_abs_mean": [
        0.8275422960777282,
        0.7721483993611218,
        0.2786505731943614,
        3.7668424695607685,
        5.198897488528984,
        0.08569779118048457,
        0.3398961077387994
      ],
      "disagreement_accuracy": 0.8368032236400269,
      "prob_low_ratio": 0.12088650100738751,
      "prob_mid_ratio": 0.062458025520483546,
      "prob_high_ratio": 0.6104768300873069
    }
  }
}