{
  "target_name": "tut2017",
  "variant_name": "heuristic_backoff_a",
  "metrics": {
    "OriginalAgg": {
      "Hit@1": 54.19,
      "Hit@3": 82.09,
      "Hit@5": 91.77,
      "MRR": 68.79
    },
    "Ours": {
      "Hit@1": 50.92,
      "Hit@3": 81.09,
      "Hit@5": 91.77,
      "MRR": 66.67
    },
    "OracleCandidate": {
      "Hit@1": 76.79,
      "Hit@3": 87.91,
      "Hit@5": 91.77,
      "MRR": 82.55
    },
    "heuristic_backoff_a": {
      "Hit@1": 51.22,
      "Hit@3": 81.26,
      "Hit@5": 91.77,
      "MRR": 67.01
    }
  },
  "diagnostics": {
    "variant_name": "heuristic_backoff_a",
    "thresholds": {
      "tau": 0.06409884244203559,
      "gamma": 0.0,
      "delta": null
    },
    "route_choose_orig_ratio": 0.4595726495726496,
    "route_choose_orig_gt_ratio": 0.5457508731082654,
    "route_choose_orig_non_gt_ratio": 0.4401989008113059,
    "oracle_choose_orig_gt_ratio": 0.8488940628637951,
    "oracle_choose_orig_non_gt_ratio": 0.0563203349908401,
    "oracle_match_accuracy": 0.4607936587568354,
    "margin_gate_ratio": 0.617948717948718,
    "positive_gain_ratio": 0.854957264957265,
    "heuristic_margin_bucket_profile": {
      "(-0.0009825, 0.0208]": 0.8690595548425908,
      "(0.0208, 0.0488]": 0.8662919092551696,
      "(0.0488, 0.0836]": 0.4225210758731433,
      "(0.0836, 0.209]": 0.0
    },
    "oracle_margin_bucket_profile": {
      "(-0.0009825, 0.0208]": 0.2099458592340084,
      "(0.0208, 0.0488]": 0.21903232282674162,
      "(0.0488, 0.0836]": 0.2557205941389,
      "(0.0836, 0.209]": 0.26289383905277947
    },
    "heuristic_entropy_bucket_profile": {
      "(0.9939, 0.9987]": 0.24363344696210146,
      "(0.9987, 0.9993]": 0.46407065435568046,
      "(0.9993, 0.9996]": 0.6054585591009433,
      "(0.9996, 1.0]": 0.8452118048584621
    },
    "oracle_entropy_bucket_profile": {
      "(0.9939, 0.9987]": 0.25766994184880687,
      "(0.9987, 0.9993]": 0.24668807707747892,
      "(0.9993, 0.9996]": 0.22697170379289586,
      "(0.9996, 1.0]": 0.21622164224051396
    }
  }
}