{
  "metrics": {
    "Baseline": {
      "Hit@1": 40.12820512820513,
      "Hit@3": 75.0,
      "Hit@5": 91.62393162393163,
      "MRR": 60.05019304057766
    },
    "iKnow": {
      "Hit@1": 43.84615384615385,
      "Hit@3": 79.8931623931624,
      "Hit@5": 91.81623931623932,
      "MRR": 63.683188902740184
    },
    "Full2Hop": {
      "Hit@1": 52.7991452991453,
      "Hit@3": 81.08974358974359,
      "Hit@5": 91.62393162393163,
      "MRR": 68.82583406621869
    },
    "Selective2Hop": {
      "Hit@1": 52.90598290598291,
      "Hit@3": 81.53846153846153,
      "Hit@5": 91.62393162393163,
      "MRR": 68.98146084684547
    }
  },
  "stats": {
    "Baseline": {
      "avg_prompts": 1.0,
      "avg_time_ms": 15.253071499685955
    },
    "iKnow": {
      "avg_prompts": 47.31153846153846,
      "avg_time_ms": 377.84534560309515
    },
    "Full2Hop": {
      "avg_prompts": 457.4931623931624,
      "avg_time_ms": 3504.7070362119593
    },
    "Selective2Hop": {
      "avg_prompts": 64.0982905982906,
      "avg_time_ms": 506.2612862159044,
      "hop2_activation_sample": 0.42072649572649573,
      "hop2_activation_candidate": 0.09461538461538462
    }
  }
}