{
  "metrics": {
    "Baseline": {
      "Hit@1": 91.10000000000001,
      "Hit@3": 96.75,
      "Hit@5": 97.65,
      "MRR": 94.10549431018471
    },
    "iKnow": {
      "Hit@1": 91.3,
      "Hit@3": 96.85000000000001,
      "Hit@5": 97.65,
      "MRR": 94.29716097685137
    },
    "Full2Hop": {
      "Hit@1": 90.95,
      "Hit@3": 96.8,
      "Hit@5": 97.65,
      "MRR": 94.05966097685139
    },
    "Selective2Hop": {
      "Hit@1": 90.95,
      "Hit@3": 96.8,
      "Hit@5": 97.65,
      "MRR": 94.09299431018471
    }
  },
  "stats": {
    "Baseline": {
      "avg_prompts": 1.0,
      "avg_time_ms": 11.826609253883362
    },
    "iKnow": {
      "avg_prompts": 47.54,
      "avg_time_ms": 349.5850830078125
    },
    "Full2Hop": {
      "avg_prompts": 398.284,
      "avg_time_ms": 2809.3378665447235
    },
    "Selective2Hop": {
      "avg_prompts": 57.915,
      "avg_time_ms": 420.83170676231384,
      "hop2_activation_sample": 0.45,
      "hop2_activation_candidate": 0.1293
    }
  }
}