{
  "metrics": {
    "Baseline": {
      "Hit@1": 14.011285868651699,
      "Hit@3": 25.813422979949575,
      "Hit@5": 32.2307599951975,
      "MRR": 23.26048270546481
    },
    "iKnow": {
      "Hit@1": 13.891223436186817,
      "Hit@3": 26.73790370992916,
      "Hit@5": 33.23328130627927,
      "MRR": 23.5312839958363
    },
    "Full2Hop": {
      "Hit@1": 14.605594909352865,
      "Hit@3": 27.464281426341696,
      "Hit@5": 33.95365590106856,
      "MRR": 24.232575332221952
    },
    "Selective2Hop": {
      "Hit@1": 14.587585544483131,
      "Hit@3": 27.548325129067113,
      "Hit@5": 33.9596590226918,
      "MRR": 24.21446923645196
    }
  },
  "stats": {
    "Baseline": {
      "avg_prompts": 1.0,
      "avg_time_ms": 19.148736630386058
    },
    "iKnow": {
      "avg_prompts": 48.911153799975985,
      "avg_time_ms": 394.5433722923234
    },
    "Full2Hop": {
      "avg_prompts": 272.7422859887141,
      "avg_time_ms": 2083.768508932086
    },
    "Selective2Hop": {
      "avg_prompts": 88.42027854484331,
      "avg_time_ms": 694.4917187511542,
      "hop2_activation_sample": 0.994957377836475,
      "hop2_activation_candidate": 0.45351582823068
    }
  }
}