{
  "completed": true,
  "total_samples": 17141,
  "metrics": {
    "Baseline": {
      "Hit@1": 13.843198463200865,
      "Hit@3": 25.59130747988954,
      "Hit@5": 31.996638251890985,
      "MRR": 23.105897765716524
    },
    "iKnow": {
      "Hit@1": 13.747148517228961,
      "Hit@3": 26.389722655781007,
      "Hit@5": 33.167246968423584,
      "MRR": 23.374438561097392
    },
    "Full2Hop": {
      "Hit@1": 14.431504382278785,
      "Hit@3": 27.116100372193543,
      "Hit@5": 34.037699603793975,
      "MRR": 24.07584517752184
    },
    "Ours": {
      "Hit@1": 14.257413855204707,
      "Hit@3": 27.092087885700565,
      "Hit@5": 33.94164965782206,
      "MRR": 23.97637465768275
    },
    "Selective2Hop_OriginalAgg": {
      "Hit@1": 13.717132909112738,
      "Hit@3": 26.31168207467883,
      "Hit@5": 33.11922199543763,
      "MRR": 23.337979631256005
    },
    "Selective2Hop_NoLLM": {
      "Hit@1": 14.257413855204707,
      "Hit@3": 27.092087885700565,
      "Hit@5": 33.94164965782206,
      "MRR": 23.97637465768275
    }
  },
  "stats": {
    "Baseline": {
      "avg_prompts": 1.0,
      "avg_time_ms": 19.318948889540113
    },
    "iKnow": {
      "avg_prompts": 48.94747268579661,
      "avg_time_ms": 407.14652171325594
    },
    "Full2Hop": {
      "avg_prompts": 273.0050426221635,
      "avg_time_ms": 2150.083575819503
    },
    "Ours": {
      "avg_prompts": 88.57822067475087,
      "avg_time_ms": 715.4400194087711,
      "hop2_activation_sample": 0.995377596350102,
      "hop2_activation_candidate": 0.453343738744147
    },
    "Selective2Hop_OriginalAgg": {
      "avg_prompts": 88.57822067475087,
      "avg_time_ms": 715.0160557282817,
      "hop2_activation_sample": 0.995377596350102,
      "hop2_activation_candidate": 0.453343738744147
    },
    "Selective2Hop_NoLLM": {
      "avg_prompts": 88.57822067475087,
      "avg_time_ms": 714.6151426216608,
      "hop2_activation_sample": 0.995377596350102,
      "hop2_activation_candidate": 0.453343738744147
    }
  }
}