{
  "metrics": {
    "Baseline": {
      "Hit@1": 57.765667574931875,
      "Hit@3": 82.01634877384197,
      "Hit@5": 90.19073569482289,
      "MRR": 71.85959741136853
    },
    "iKnow": {
      "Hit@1": 59.945504087193456,
      "Hit@3": 85.28610354223434,
      "Hit@5": 91.55313351498637,
      "MRR": 73.75462790312926
    },
    "Full2Hop": {
      "Hit@1": 61.58038147138964,
      "Hit@3": 82.56130790190736,
      "Hit@5": 90.19073569482289,
      "MRR": 73.9985619890252
    },
    "Selective2Hop": {
      "Hit@1": 60.76294277929155,
      "Hit@3": 82.83378746594006,
      "Hit@5": 90.19073569482289,
      "MRR": 73.58075999084174
    }
  },
  "stats": {
    "Baseline": {
      "avg_prompts": 1.0,
      "avg_time_ms": 10.05393672704047
    },
    "iKnow": {
      "avg_prompts": 41.81471389645777,
      "avg_time_ms": 316.59538479526947
    },
    "Full2Hop": {
      "avg_prompts": 564.4305177111717,
      "avg_time_ms": 4127.059034820473
    },
    "Selective2Hop": {
      "avg_prompts": 43.76566757493188,
      "avg_time_ms": 331.09406814263366,
      "hop2_activation_sample": 0.8174386920980926,
      "hop2_activation_candidate": 0.3111716621253406
    }
  }
}