{
  "metrics": {
    "Baseline": {
      "Hit@1": 83.64635822262942,
      "Hit@3": 96.59871736142922,
      "Hit@5": 98.64864864864865,
      "MRR": 90.33750608962472
    },
    "iKnow": {
      "Hit@1": 84.66559780119101,
      "Hit@3": 96.78195144296839,
      "Hit@5": 98.64864864864865,
      "MRR": 90.98111580103107
    },
    "Full2Hop": {
      "Hit@1": 85.8566193311956,
      "Hit@3": 96.94228126431517,
      "Hit@5": 98.64864864864865,
      "MRR": 91.53253586516298
    },
    "Selective2Hop": {
      "Hit@1": 85.879523591388,
      "Hit@3": 96.85066422354558,
      "Hit@5": 98.64864864864865,
      "MRR": 91.5321541274931
    }
  },
  "stats": {
    "Baseline": {
      "avg_prompts": 1.0,
      "avg_time_ms": 13.506179875973654
    },
    "iKnow": {
      "avg_prompts": 76.10375629867156,
      "avg_time_ms": 575.7946543228283
    },
    "Full2Hop": {
      "avg_prompts": 611.5136280348145,
      "avg_time_ms": 4520.8626511006305
    },
    "Selective2Hop": {
      "avg_prompts": 76.74393037104902,
      "avg_time_ms": 582.253727927101,
      "hop2_activation_sample": 0.0025194686211635364,
      "hop2_activation_candidate": 0.001282638570774164
    }
  }
}