{
  "completed": true,
  "total_samples": 368,
  "metrics": {
    "Baseline": {
      "Hit@1": 59.945504087193456,
      "Hit@3": 84.46866485013625,
      "Hit@5": 90.46321525885558,
      "MRR": 73.715276549064
    },
    "iKnow": {
      "Hit@1": 61.85286103542234,
      "Hit@3": 85.28610354223434,
      "Hit@5": 91.00817438692098,
      "MRR": 75.04523632589027
    },
    "Full2Hop": {
      "Hit@1": 62.125340599455036,
      "Hit@3": 84.74114441416893,
      "Hit@5": 90.46321525885558,
      "MRR": 75.13671160810125
    },
    "Ours": {
      "Hit@1": 62.39782016348774,
      "Hit@3": 85.01362397820164,
      "Hit@5": 90.46321525885558,
      "MRR": 75.20483149910943
    },
    "Selective2Hop_OriginalAgg": {
      "Hit@1": 57.49318801089919,
      "Hit@3": 81.19891008174388,
      "Hit@5": 90.46321525885558,
      "MRR": 71.1675926253583
    },
    "Selective2Hop_NoLLM": {
      "Hit@1": 62.125340599455036,
      "Hit@3": 86.92098092643052,
      "Hit@5": 90.46321525885558,
      "MRR": 75.37740188966346
    }
  },
  "stats": {
    "Baseline": {
      "avg_prompts": 1.0,
      "avg_time_ms": 9.941116015982564
    },
    "iKnow": {
      "avg_prompts": 41.59400544959128,
      "avg_time_ms": 315.4744868057625
    },
    "Full2Hop": {
      "avg_prompts": 560.6566757493188,
      "avg_time_ms": 4106.8319494782745
    },
    "Ours": {
      "avg_prompts": 41.59400544959128,
      "avg_time_ms": 316.6078169924037,
      "hop2_activation_sample": 0.8119891008174387,
      "hop2_activation_candidate": 0.3106267029972752
    },
    "Selective2Hop_OriginalAgg": {
      "avg_prompts": 41.59400544959128,
      "avg_time_ms": 316.38210216075265,
      "hop2_activation_sample": 0.8119891008174387,
      "hop2_activation_candidate": 0.3106267029972752
    },
    "Selective2Hop_NoLLM": {
      "avg_prompts": 74.46321525885558,
      "avg_time_ms": 555.5484236423586,
      "hop2_activation_sample": 0.8991825613079019,
      "hop2_activation_candidate": 0.35858310626703005
    }
  }
}