{"next_index": 20, "total_samples": 20, "results": {"Baseline": {"ranks": [4, 3, 6, 2, 2, 10, 1, 3, 8, 3, 25, 53, 1, 2, 5, 1, 1, 7, 1, 1], "times": [156.94093704223633, 18.512487411499023, 16.658306121826172, 16.794919967651367, 16.460895538330078, 16.66545867919922, 14.060258865356445, 17.374515533447266, 16.729354858398438, 16.19124412536621, 14.804601669311523, 17.873525619506836, 17.22884178161621, 15.400409698486328, 17.169475555419922, 15.085458755493164, 15.203237533569336, 17.444372177124023, 14.815092086791992, 16.5402889251709], "prompts": [1, 1, 1, 1, 1, 1, 1, 1, 1, 1, 1, 1, 1, 1, 1, 1, 1, 1, 1, 1]}, "iKnow": {"ranks": [6, 4, 6, 2, 2, 10, 1, 3, 8, 3, 25, 53, 1, 2, 5, 1, 1, 7, 1, 1], "times": [293.1203842163086, 70.09172439575195, 142.63534545898438, 16.81041717529297, 16.48569107055664, 82.92388916015625, 109.35354232788086, 157.14430809020996, 111.96160316467285, 126.62887573242188, 163.86127471923828, 137.0675563812256, 129.1332244873047, 180.10711669921875, 55.829524993896484, 97.4586009979248, 156.4774513244629, 17.464876174926758, 67.95382499694824, 250.7760524749756], "prompts": [18, 7, 17, 0, 0, 9, 13, 19, 13, 15, 20, 16, 15, 22, 5, 11, 19, 0, 7, 32]}, "Full2Hop": {"ranks": [13, 5, 3, 2, 2, 10, 1, 2, 7, 2, 22, 53, 5, 1, 4, 1, 1, 7, 1, 1], "times": [672.6884841918945, 237.8253936767578, 564.556360244751, 16.950130462646484, 16.618013381958008, 352.45513916015625, 468.7347412109375, 719.428300857544, 429.3098449707031, 356.98819160461426, 655.3928852081299, 425.89282989501953, 599.5497703552246, 705.6636810302734, 140.77281951904297, 326.9307613372803, 616.3268089294434, 17.599105834960938, 203.16696166992188, 1316.2293434143066], "prompts": [69, 30, 75, 0, 0, 46, 62, 96, 57, 47, 88, 56, 80, 95, 17, 43, 83, 0, 26, 180]}, "Ours": {"ranks": [13, 5, 3, 2, 2, 10, 1, 2, 7, 2, 22, 53, 5, 1, 4, 1, 1, 7, 1, 1], "times": [661.412239074707, 237.61463165283203, 566.7729377746582, 17.076969146728516, 16.747236251831055, 352.1556854248047, 466.3558006286621, 717.383623123169, 428.6832809448242, 359.50231552124023, 654.6635627746582, 425.74310302734375, 598.2160568237305, 706.1583995819092, 140.6726837158203, 327.02159881591797, 616.0244941711426, 17.714500427246094, 203.03893089294434, 1323.6885070800781], "prompts": [69, 30, 75, 0, 0, 46, 62, 96, 57, 47, 88, 56, 80, 95, 17, 43, 83, 0, 26, 180], "hop2_activation_sample": [true, true, true, true, true, true, true, true, true, true, true, true, true, true, true, true, true, true, true, true], "hop2_activation_candidate": [1.0, 1.0, 1.0, 1.0, 1.0, 1.0, 1.0, 1.0, 1.0, 1.0, 1.0, 1.0, 1.0, 1.0, 1.0, 1.0, 1.0, 1.0, 1.0, 1.0], "alphas": [0.6695947885513306, 0.6556154727935791, 0.6116412401199341, 0.6591992616653443, 0.6417047023773194, 0.6381255388259888, 0.6083910465240479, 0.6068099021911622, 0.6438151836395264, 0.6068522453308106, 0.6005686759948731, 0.6279331684112549, 0.6532974958419799, 0.6492506742477417, 0.6489327430725098, 0.6593345403671265, 0.6505793094635011, 0.6085860729217529, 0.6516196250915527, 0.6177619934082031]}, "Selective2Hop_OriginalAgg": {"ranks": [6, 4, 5, 2, 2, 10, 1, 2, 8, 3, 25, 53, 1, 2, 5, 1, 1, 7, 1, 1], "times": [660.4490280151367, 237.3201847076416, 564.4688606262207, 17.058849334716797, 16.72530174255371, 352.33044624328613, 465.7785892486572, 711.8000984191895, 429.06689643859863, 357.3870658874512, 654.5050144195557, 428.8065433502197, 598.1700420379639, 705.3999900817871, 140.61760902404785, 326.29942893981934, 617.8762912750244, 17.72022247314453, 203.23467254638672, 1316.408634185791], "prompts": [69, 30, 75, 0, 0, 46, 62, 96, 57, 47, 88, 56, 80, 95, 17, 43, 83, 0, 26, 180], "hop2_activation_sample": [true, true, true, true, true, true, true, true, true, true, true, true, true, true, true, true, true, true, true, true], "hop2_activation_candidate": [1.0, 1.0, 1.0, 1.0, 1.0, 1.0, 1.0, 1.0, 1.0, 1.0, 1.0, 1.0, 1.0, 1.0, 1.0, 1.0, 1.0, 1.0, 1.0, 1.0], "alphas": [0.6695947885513306, 0.6556154727935791, 0.6116412401199341, 0.6591992616653443, 0.6417047023773194, 0.6381255388259888, 0.6083910465240479, 0.6068099021911622, 0.6438151836395264, 0.6068522453308106, 0.6005686759948731, 0.6279331684112549, 0.6532974958419799, 0.6492506742477417, 0.6489327430725098, 0.6593345403671265, 0.6505793094635011, 0.6085860729217529, 0.6516196250915527, 0.6177619934082031]}, "Selective2Hop_NoLLM": {"ranks": [4, 3, 6, 2, 2, 10, 1, 3, 8, 3, 25, 53, 1, 2, 5, 1, 1, 7, 1, 1], "times": [412.5490188598633, 69.90647315979004, 141.7827606201172, 17.063140869140625, 16.715526580810547, 82.56983757019043, 109.3757152557373, 155.75623512268066, 111.45949363708496, 125.94842910766602, 160.75468063354492, 135.09583473205566, 127.06470489501953, 175.55952072143555, 53.804636001586914, 95.31688690185547, 153.0461311340332, 17.69733428955078, 65.7198429107666, 249.12047386169434], "prompts": [35, 7, 17, 0, 0, 9, 13, 19, 13, 15, 20, 16, 15, 22, 5, 11, 19, 0, 7, 32], "hop2_activation_sample": [true, true, true, true, true, true, true, true, true, true, true, true, true, true, true, true, true, true, true, false], "hop2_activation_candidate": [0.6, 0.8, 0.4, 1.0, 1.0, 0.8, 0.6, 0.4, 0.6, 0.4, 0.4, 0.4, 0.4, 0.4, 0.8, 0.6, 0.4, 1.0, 0.8, 0.0], "alphas": [0.6695947885513306, 0.6556154727935791, 0.6116412401199341, 0.6591992616653443, 0.6417047023773194, 0.6381255388259888, 0.6083910465240479, 0.6068099021911622, 0.6438151836395264, 0.6068522453308106, 0.6005686759948731, 0.6279331684112549, 0.6532974958419799, 0.6492506742477417, 0.6489327430725098, 0.6593345403671265, 0.6505793094635011, 0.6085860729217529, 0.6516196250915527, 0.6177619934082031]}}}