{
  "metrics": {
    "Baseline": {
      "Hit@1": 58.58310626702997,
      "Hit@3": 83.92370572207084,
      "Hit@5": 90.46321525885558,
      "MRR": 72.79217149789356
    },
    "iKnow": {
      "Hit@1": 59.67302452316077,
      "Hit@3": 85.83106267029973,
      "Hit@5": 90.46321525885558,
      "MRR": 73.55511427718511
    },
    "Full2Hop": {
      "Hit@1": 61.85286103542234,
      "Hit@3": 86.10354223433242,
      "Hit@5": 90.46321525885558,
      "MRR": 74.91297077128138
    },
    "Selective2Hop_OriginalAgg": {
      "Hit@1": 55.313351498637594,
      "Hit@3": 80.65395095367847,
      "Hit@5": 90.46321525885558,
      "MRR": 69.83122690207159
    },
    "Selective2Hop_Repulsive": {
      "Hit@1": 55.313351498637594,
      "Hit@3": 81.19891008174388,
      "Hit@5": 90.19073569482289,
      "MRR": 69.84818617652404
    }
  },
  "stats": {
    "Baseline": {
      "avg_prompts": 1.0,
      "avg_time_ms": 12.024135615585285
    },
    "iKnow": {
      "avg_prompts": 41.33242506811989,
      "avg_time_ms": 315.043070010983
    },
    "Full2Hop": {
      "avg_prompts": 556.6403269754768,
      "avg_time_ms": 4064.3492992307574
    },
    "Selective2Hop_OriginalAgg": {
      "avg_prompts": 42.55313351498638,
      "avg_time_ms": 323.7678192616808,
      "hop2_activation_sample": 0.8310626702997275,
      "hop2_activation_candidate": 0.3149863760217984
    },
    "Selective2Hop_Repulsive": {
      "avg_prompts": 42.55313351498638,
      "avg_time_ms": 324.08964211674413,
      "hop2_activation_sample": 0.8310626702997275,
      "hop2_activation_candidate": 0.3149863760217984
    }
  },
  "meta": {
    "module_path": "/data/zkx/zkx/iknow-audio/30.repulsive_rest/dcase/dcase_rep_base.py",
    "repulsive_beta": 0.35,
    "repulsive_margin": 0.01
  }
}