{
  "metrics": {
    "Baseline": {
      "Hit@1": 91.10000000000001,
      "Hit@3": 96.75,
      "Hit@5": 97.65,
      "MRR": 94.10549431018471
    },
    "iKnow": {
      "Hit@1": 91.3,
      "Hit@3": 96.85000000000001,
      "Hit@5": 97.65,
      "MRR": 94.29716097685137
    },
    "Full2Hop": {
      "Hit@1": 92.0,
      "Hit@3": 96.85000000000001,
      "Hit@5": 97.65,
      "MRR": 94.66632764351804
    },
    "Selective2Hop_OriginalAgg": {
      "Hit@1": 87.5,
      "Hit@3": 96.45,
      "Hit@5": 97.65,
      "MRR": 92.0679943101847
    },
    "Selective2Hop_Ours": {
      "Hit@1": 92.05,
      "Hit@3": 96.85000000000001,
      "Hit@5": 97.65,
      "MRR": 94.69966097685138
    },
    "Selective2Hop_HardRouter": {
      "Hit@1": 87.64999999999999,
      "Hit@3": 96.45,
      "Hit@5": 97.65,
      "MRR": 92.14299431018472
    }
  },
  "stats": {
    "Baseline": {
      "avg_prompts": 1.0,
      "avg_time_ms": 12.055733323097229
    },
    "iKnow": {
      "avg_prompts": 47.54,
      "avg_time_ms": 353.32052540779114
    },
    "Full2Hop": {
      "avg_prompts": 398.284,
      "avg_time_ms": 2844.0071371793747
    },
    "Selective2Hop_OriginalAgg": {
      "avg_prompts": 57.915,
      "avg_time_ms": 426.50777089595795,
      "hop2_activation_sample": 0.45,
      "hop2_activation_candidate": 0.1293,
      "alpha_mean": 0.5035517170220614
    },
    "Selective2Hop_Ours": {
      "avg_prompts": 57.915,
      "avg_time_ms": 426.4109003543854,
      "hop2_activation_sample": 0.45,
      "hop2_activation_candidate": 0.1293,
      "alpha_mean": 0.5035517170220614
    },
    "Selective2Hop_HardRouter": {
      "avg_prompts": 57.915,
      "avg_time_ms": 840.8629379272461,
      "hop2_activation_sample": 0.45,
      "hop2_activation_candidate": 0.1293,
      "alpha_mean": 0.5035517170220614,
      "route_choose_orig": 0.9755
    }
  },
  "meta": {
    "router_type": "hard_switch_mlp",
    "head_a": "Selective2Hop_OriginalAgg",
    "head_b": "Selective2Hop_Ours",
    "features": [
      "baseline_top1",
      "baseline_margin",
      "originalagg_gain",
      "ours_gain"
    ],
    "n_folds": 5,
    "hidden_dim": 8,
    "dropout": 0.2,
    "epochs": 80,
    "learning_rate": 0.01,
    "skipped_count": 0
  }
}