{
  "metrics": {
    "Baseline": {
      "Hit@1": 57.45283940963738,
      "Hit@3": 79.65985729645196,
      "Hit@5": 86.37474342684,
      "MRR": 70.23532707096307
    },
    "iKnow": {
      "Hit@1": 58.528003127748995,
      "Hit@3": 80.62750464275243,
      "Hit@5": 87.52810086990519,
      "MRR": 71.21262031171052
    },
    "Full2Hop": {
      "Hit@1": 64.45117779298212,
      "Hit@3": 82.28912129801583,
      "Hit@5": 87.93861792591144,
      "MRR": 74.77507848368076
    },
    "Selective2Hop": {
      "Hit@1": 64.1872739712638,
      "Hit@3": 82.37708923858861,
      "Hit@5": 87.90929527905385,
      "MRR": 74.66650369960992
    }
  },
  "stats": {
    "Baseline": {
      "avg_prompts": 1.0,
      "avg_time_ms": 10.904854081054783
    },
    "iKnow": {
      "avg_prompts": 42.51754471703646,
      "avg_time_ms": 313.39905308833534
    },
    "Full2Hop": {
      "avg_prompts": 228.06988564167725,
      "avg_time_ms": 1615.0305472491318
    },
    "Selective2Hop": {
      "avg_prompts": 55.312481673345715,
      "avg_time_ms": 404.5690220596154,
      "hop2_activation_sample": 0.9984361255009285,
      "hop2_activation_candidate": 0.35208027889095234
    }
  }
}