{
  "metrics": {
    "Baseline": {
      "Hit@1": 57.384419900302994,
      "Hit@3": 79.96285798064704,
      "Hit@5": 86.29654970188642,
      "MRR": 70.19039939996306
    },
    "iKnow": {
      "Hit@1": 58.57687420584497,
      "Hit@3": 80.64705307399082,
      "Hit@5": 87.75290782914671,
      "MRR": 71.22269340448963
    },
    "Full2Hop": {
      "Hit@1": 64.11885446192943,
      "Hit@3": 82.9733163913596,
      "Hit@5": 88.41755449125208,
      "MRR": 74.81883886312436
    },
    "Selective2Hop": {
      "Hit@1": 63.991789658879874,
      "Hit@3": 82.9733163913596,
      "Hit@5": 88.40778027563289,
      "MRR": 74.76733191240008
    }
  },
  "stats": {
    "Baseline": {
      "avg_prompts": 1.0,
      "avg_time_ms": 10.914724880550722
    },
    "iKnow": {
      "avg_prompts": 42.547551558987394,
      "avg_time_ms": 322.0264641330478
    },
    "Full2Hop": {
      "avg_prompts": 228.29742938129215,
      "avg_time_ms": 1660.9825817164456
    },
    "Selective2Hop": {
      "avg_prompts": 55.473560746750074,
      "avg_time_ms": 416.8242949123269,
      "hop2_activation_sample": 0.9984361255009285,
      "hop2_activation_candidate": 0.35246473137197404
    }
  }
}