job_id,conf_id,model_name,verified,hits@1,hits@3,hits@5,hits@10,mean_reciprocal_rank
Qx7w2Jn0,1,RotatE,False,0.4728966685488424,0.6256352343308865,0.6840767927724449,0.7456239412761152,0.5692906975746155
TFVpYwo2,1,RotatE,False,0.4728966685488424,0.6256352343308865,0.6840767927724449,0.7456239412761152,0.5692906975746155
X5hZSzCC,001,RotatE,False,0.47289666854884244,0.6256352343308865,0.6840767927724449,0.7456239412761152,0.5692906975746155
