{
  "target_name": "tut2017",
  "variant_name": "heuristic_backoff_c",
  "metrics": {
    "OriginalAgg": {
      "Hit@1": 54.19,
      "Hit@3": 82.09,
      "Hit@5": 91.77,
      "MRR": 68.79
    },
    "Ours": {
      "Hit@1": 50.92,
      "Hit@3": 81.09,
      "Hit@5": 91.77,
      "MRR": 66.67
    },
    "OracleCandidate": {
      "Hit@1": 76.79,
      "Hit@3": 87.91,
      "Hit@5": 91.77,
      "MRR": 82.55
    },
    "heuristic_backoff_c": {
      "Hit@1": 48.16,
      "Hit@3": 80.98,
      "Hit@5": 91.77,
      "MRR": 65.1
    }
  },
  "diagnostics": {
    "variant_name": "heuristic_backoff_c",
    "thresholds": {
      "tau": 0.06409884244203559,
      "gamma": 0.15559615194797516,
      "delta": 0.0761759281158447
    },
    "route_choose_orig_ratio": 0.12893162393162394,
    "route_choose_orig_gt_ratio": 0.19115250291036087,
    "route_choose_orig_non_gt_ratio": 0.11494373200732792,
    "oracle_choose_orig_gt_ratio": 0.8488940628637951,
    "oracle_choose_orig_non_gt_ratio": 0.0563203349908401,
    "oracle_match_accuracy": 0.6941253198214017,
    "margin_gate_ratio": 0.617948717948718,
    "positive_gain_ratio": 0.2366239316239316,
    "heuristic_margin_bucket_profile": {
      "(-0.0009825, 0.0208]": 0.23360737918588328,
      "(0.0208, 0.0488]": 0.24974904637622966,
      "(0.0488, 0.0836]": 0.12203934162986753,
      "(0.0836, 0.209]": 0.0
    },
    "oracle_margin_bucket_profile": {
      "(-0.0009825, 0.0208]": 0.2099458592340084,
      "(0.0208, 0.0488]": 0.21903232282674162,
      "(0.0488, 0.0836]": 0.2557205941389,
      "(0.0836, 0.209]": 0.26289383905277947
    },
    "heuristic_entropy_bucket_profile": {
      "(0.9939, 0.9987]": 0.05053138159213956,
      "(0.9987, 0.9993]": 0.14913689281413087,
      "(0.9993, 0.9996]": 0.16736905478627334,
      "(0.9996, 1.0]": 0.23850632403131902
    },
    "oracle_entropy_bucket_profile": {
      "(0.9939, 0.9987]": 0.25766994184880687,
      "(0.9987, 0.9993]": 0.24668807707747892,
      "(0.9993, 0.9996]": 0.22697170379289586,
      "(0.9996, 1.0]": 0.21622164224051396
    }
  }
}