{
  "metrics": {
    "Baseline": {
      "Hit@1": 40.0,
      "Hit@3": 74.85042735042735,
      "Hit@5": 91.64529914529915,
      "MRR": 59.99074963498041
    },
    "iKnow": {
      "Hit@1": 44.465811965811966,
      "Hit@3": 80.87606837606837,
      "Hit@5": 92.008547008547,
      "MRR": 64.19919319759063
    },
    "Full2Hop": {
      "Hit@1": 50.982905982905976,
      "Hit@3": 80.40598290598291,
      "Hit@5": 91.64529914529915,
      "MRR": 67.7998664440972
    },
    "Selective2Hop": {
      "Hit@1": 51.11111111111111,
      "Hit@3": 80.76923076923077,
      "Hit@5": 91.64529914529915,
      "MRR": 67.94552171475249
    }
  },
  "stats": {
    "Baseline": {
      "avg_prompts": 1.0,
      "avg_time_ms": 14.04229086688441
    },
    "iKnow": {
      "avg_prompts": 47.27564102564103,
      "avg_time_ms": 379.34633824560376
    },
    "Full2Hop": {
      "avg_prompts": 457.1884615384615,
      "avg_time_ms": 3527.3202215504443
    },
    "Selective2Hop": {
      "avg_prompts": 63.71602564102564,
      "avg_time_ms": 507.7357009435311,
      "hop2_activation_sample": 0.4222222222222222,
      "hop2_activation_candidate": 0.09427350427350427
    }
  }
}