{
  "completed": true,
  "total_samples": 15463,
  "metrics": {
    "Baseline": {
      "Hit@1": 31.151781672379226,
      "Hit@3": 53.83172734915605,
      "Hit@5": 63.64870982344952,
      "MRR": 45.71259116793841
    },
    "iKnow": {
      "Hit@1": 30.272262820927377,
      "Hit@3": 53.379033822673485,
      "Hit@5": 63.93326004009571,
      "MRR": 45.11098074174672
    },
    "Full2Hop": {
      "Hit@1": 31.384595485998833,
      "Hit@3": 53.805859147642764,
      "Hit@5": 63.803919032529265,
      "MRR": 45.85328310873382
    },
    "Ours": {
      "Hit@1": 31.37812843562051,
      "Hit@3": 53.773523895751154,
      "Hit@5": 63.829787234042556,
      "MRR": 45.850013655487004
    },
    "Selective2Hop_OriginalAgg": {
      "Hit@1": 29.851904546336417,
      "Hit@3": 53.12035180754058,
      "Hit@5": 63.91385888896074,
      "MRR": 44.81088674088314
    },
    "Selective2Hop_NoLLM": {
      "Hit@1": 31.37812843562051,
      "Hit@3": 53.773523895751154,
      "Hit@5": 63.829787234042556,
      "MRR": 45.850013655487004
    }
  },
  "stats": {
    "Baseline": {
      "avg_prompts": 1.0,
      "avg_time_ms": 15.561529560554138
    },
    "iKnow": {
      "avg_prompts": 20.72443898337968,
      "avg_time_ms": 167.83684713754295
    },
    "Full2Hop": {
      "avg_prompts": 165.59244648515812,
      "avg_time_ms": 1211.5886780497622
    },
    "Ours": {
      "avg_prompts": 27.810192071396237,
      "avg_time_ms": 217.03386664475366,
      "hop2_activation_sample": 0.960809674707366,
      "hop2_activation_candidate": 0.6122615275172995
    },
    "Selective2Hop_OriginalAgg": {
      "avg_prompts": 27.810192071396237,
      "avg_time_ms": 216.96738722499683,
      "hop2_activation_sample": 0.960809674707366,
      "hop2_activation_candidate": 0.6122615275172995
    },
    "Selective2Hop_NoLLM": {
      "avg_prompts": 27.810192071396237,
      "avg_time_ms": 216.9240369206527,
      "hop2_activation_sample": 0.960809674707366,
      "hop2_activation_candidate": 0.6122615275172995
    }
  }
}