{
  "metrics": {
    "Baseline": {
      "Hit@1": 83.49748053137883,
      "Hit@3": 96.46129180027485,
      "Hit@5": 98.60284012826386,
      "MRR": 90.23402791411266
    },
    "iKnow": {
      "Hit@1": 84.66559780119101,
      "Hit@3": 96.701786532295,
      "Hit@5": 98.60284012826386,
      "MRR": 90.94482345541668
    },
    "Full2Hop": {
      "Hit@1": 85.66193311956025,
      "Hit@3": 96.54145671094824,
      "Hit@5": 98.60284012826386,
      "MRR": 91.34106715674511
    },
    "Selective2Hop": {
      "Hit@1": 85.73064590013743,
      "Hit@3": 96.44983967017865,
      "Hit@5": 98.60284012826386,
      "MRR": 91.35595492587018
    }
  },
  "stats": {
    "Baseline": {
      "avg_prompts": 1.0,
      "avg_time_ms": 15.082381020649496
    },
    "iKnow": {
      "avg_prompts": 76.10936784241869,
      "avg_time_ms": 594.0194875070167
    },
    "Full2Hop": {
      "avg_prompts": 611.5163765460376,
      "avg_time_ms": 4642.960277954701
    },
    "Selective2Hop": {
      "avg_prompts": 76.737975263399,
      "avg_time_ms": 598.5007285252657,
      "hop2_activation_sample": 0.0025194686211635364,
      "hop2_activation_candidate": 0.0012597343105817682
    }
  }
}