{
  "metrics": {
    "Baseline": {
      "Hit@1": 91.10000000000001,
      "Hit@3": 96.75,
      "Hit@5": 97.65,
      "MRR": 94.10549431018471
    },
    "iKnow": {
      "Hit@1": 91.3,
      "Hit@3": 96.85000000000001,
      "Hit@5": 97.65,
      "MRR": 94.29716097685137
    },
    "Full2Hop": {
      "Hit@1": 92.0,
      "Hit@3": 96.85000000000001,
      "Hit@5": 97.65,
      "MRR": 94.66632764351804
    },
    "Selective2Hop_StaticAlpha": {
      "Hit@1": 92.05,
      "Hit@3": 96.85000000000001,
      "Hit@5": 97.65,
      "MRR": 94.69966097685138
    },
    "Selective2Hop_Repulsive": {
      "Hit@1": 87.5,
      "Hit@3": 96.45,
      "Hit@5": 97.7,
      "MRR": 92.06604625823667
    }
  },
  "stats": {
    "Baseline": {
      "avg_prompts": 1.0,
      "avg_time_ms": 12.072991013526917
    },
    "iKnow": {
      "avg_prompts": 47.54,
      "avg_time_ms": 352.98018503189087
    },
    "Full2Hop": {
      "avg_prompts": 398.284,
      "avg_time_ms": 2837.4407151937485
    },
    "Selective2Hop_StaticAlpha": {
      "avg_prompts": 57.915,
      "avg_time_ms": 425.20450258255005,
      "hop2_activation_sample": 0.45,
      "hop2_activation_candidate": 0.1293
    },
    "Selective2Hop_Repulsive": {
      "avg_prompts": 57.915,
      "avg_time_ms": 425.3098301887512,
      "hop2_activation_sample": 0.45,
      "hop2_activation_candidate": 0.1293
    }
  }
}