{
  "metrics": {
    "Baseline": {
      "Hit@1": 13.975267138912233,
      "Hit@3": 25.657341817745227,
      "Hit@5": 32.308800576299674,
      "MRR": 23.25077168149703
    },
    "iKnow": {
      "Hit@1": 13.633089206387321,
      "Hit@3": 26.803938047784847,
      "Hit@5": 33.4013687117301,
      "MRR": 23.43695688305628
    },
    "Full2Hop": {
      "Hit@1": 14.503541841757714,
      "Hit@3": 27.45227518309521,
      "Hit@5": 34.28382759034698,
      "MRR": 24.28305865098526
    },
    "Selective2Hop": {
      "Hit@1": 14.401488774162566,
      "Hit@3": 27.338215872253574,
      "Hit@5": 34.29583383359347,
      "MRR": 24.208300663434553
    }
  },
  "stats": {
    "Baseline": {
      "avg_prompts": 1.0,
      "avg_time_ms": 23.414296496456906
    },
    "iKnow": {
      "avg_prompts": 48.97472685796614,
      "avg_time_ms": 391.847504818335
    },
    "Full2Hop": {
      "avg_prompts": 273.1145395605715,
      "avg_time_ms": 2052.9233312847264
    },
    "Selective2Hop": {
      "avg_prompts": 88.44711249849922,
      "avg_time_ms": 685.0700959937171,
      "hop2_activation_sample": 0.9952575339176372,
      "hop2_activation_candidate": 0.4530395805819025
    }
  }
}