{
  "completed": true,
  "total_samples": 15463,
  "metrics": {
    "Baseline": {
      "Hit@1": 31.12591347086594,
      "Hit@3": 53.79292504688612,
      "Hit@5": 63.33829140529005,
      "MRR": 45.67273333448597
    },
    "iKnow": {
      "Hit@1": 30.634417642113434,
      "Hit@3": 53.93520015520921,
      "Hit@5": 63.609907521179586,
      "MRR": 45.36879969743457
    },
    "Full2Hop": {
      "Hit@1": 29.399211019853844,
      "Hit@3": 50.89568647739766,
      "Hit@5": 59.956024057427406,
      "MRR": 43.51968223329827
    },
    "Ours": {
      "Hit@1": 29.405678070232167,
      "Hit@3": 50.90215352777599,
      "Hit@5": 59.962491107805725,
      "MRR": 43.52086785920096
    },
    "Selective2Hop_OriginalAgg": {
      "Hit@1": 30.809028002328137,
      "Hit@3": 53.48897367910496,
      "Hit@5": 63.24128564961521,
      "MRR": 45.36839250081706
    },
    "Selective2Hop_NoLLM": {
      "Hit@1": 31.539804695078576,
      "Hit@3": 54.35555842980017,
      "Hit@5": 63.56463816853133,
      "MRR": 45.99356444936151
    }
  },
  "stats": {
    "Baseline": {
      "avg_prompts": 1.0,
      "avg_time_ms": 15.653874952287543
    },
    "iKnow": {
      "avg_prompts": 12.830757291599301,
      "avg_time_ms": 109.93088072672133
    },
    "Full2Hop": {
      "avg_prompts": 54.98253896397853,
      "avg_time_ms": 408.5024142954533
    },
    "Ours": {
      "avg_prompts": 48.04145379292505,
      "avg_time_ms": 358.6857087290056,
      "hop2_activation_sample": 0.9928215740800621,
      "hop2_activation_candidate": 0.9287460389316433
    },
    "Selective2Hop_OriginalAgg": {
      "avg_prompts": 48.04145379292505,
      "avg_time_ms": 358.3240944301682,
      "hop2_activation_sample": 0.9928215740800621,
      "hop2_activation_candidate": 0.9287460389316433
    },
    "Selective2Hop_NoLLM": {
      "avg_prompts": 15.998318566901636,
      "avg_time_ms": 130.157747498723,
      "hop2_activation_sample": 0.9619090732716807,
      "hop2_activation_candidate": 0.6092996184440278
    }
  }
}