{
  "metrics": {
    "Baseline": {
      "Hit@1": 14.095329571377116,
      "Hit@3": 25.753391763717133,
      "Hit@5": 32.18273502221155,
      "MRR": 23.29946878100934
    },
    "iKnow": {
      "Hit@1": 13.933245287549525,
      "Hit@3": 26.7018849801897,
      "Hit@5": 33.569456117180934,
      "MRR": 23.568067754005163
    },
    "Full2Hop": {
      "Hit@1": 14.42550126065554,
      "Hit@3": 27.254172169528157,
      "Hit@5": 33.91763717132909,
      "MRR": 24.16045461252656
    },
    "Selective2Hop": {
      "Hit@1": 14.383479409292832,
      "Hit@3": 27.404250210109254,
      "Hit@5": 33.99567775243126,
      "MRR": 24.14724921710088
    }
  },
  "stats": {
    "Baseline": {
      "avg_prompts": 1.0,
      "avg_time_ms": 26.071871739645253
    },
    "iKnow": {
      "avg_prompts": 48.92958338335934,
      "avg_time_ms": 393.6914168481624
    },
    "Full2Hop": {
      "avg_prompts": 273.0378196662264,
      "avg_time_ms": 2048.591135501117
    },
    "Selective2Hop": {
      "avg_prompts": 88.75003001560812,
      "avg_time_ms": 688.2903540831452,
      "hop2_activation_sample": 0.9945971905390804,
      "hop2_activation_candidate": 0.4536719093928843
    }
  }
}