{
  "completed": true,
  "total_samples": 10231,
  "metrics": {
    "Baseline": {
      "Hit@1": 57.21825823477666,
      "Hit@3": 79.513244062164,
      "Hit@5": 86.27700127064803,
      "MRR": 70.09456208648018
    },
    "iKnow": {
      "Hit@1": 58.625745283940965,
      "Hit@3": 80.60795621151404,
      "Hit@5": 87.35216498875965,
      "MRR": 71.23387889669634
    },
    "Full2Hop": {
      "Hit@1": 63.630143680969596,
      "Hit@3": 83.09060697878995,
      "Hit@5": 88.32958655067931,
      "MRR": 74.61025451295251
    },
    "Ours": {
      "Hit@1": 63.58127260287362,
      "Hit@3": 83.08083276317075,
      "Hit@5": 88.3491349819177,
      "MRR": 74.58354023180965
    },
    "Selective2Hop_OriginalAgg": {
      "Hit@1": 62.017398103802165,
      "Hit@3": 80.19743915550777,
      "Hit@5": 86.50180822988955,
      "MRR": 72.77233126449387
    },
    "Selective2Hop_NoLLM": {
      "Hit@1": 60.62945948587626,
      "Hit@3": 81.38989346104975,
      "Hit@5": 87.49877822304761,
      "MRR": 72.52617958099692
    }
  },
  "stats": {
    "Baseline": {
      "avg_prompts": 1.0,
      "avg_time_ms": 10.74178733150813
    },
    "iKnow": {
      "avg_prompts": 42.49281595151989,
      "avg_time_ms": 319.2678496653751
    },
    "Full2Hop": {
      "avg_prompts": 228.01876649398886,
      "avg_time_ms": 1646.2105875804782
    },
    "Ours": {
      "avg_prompts": 55.362134688691235,
      "avg_time_ms": 412.26313696987944,
      "hop2_activation_sample": 0.9983383833447366,
      "hop2_activation_candidate": 0.3526993125468348
    },
    "Selective2Hop_OriginalAgg": {
      "avg_prompts": 55.362134688691235,
      "avg_time_ms": 412.1762727225308,
      "hop2_activation_sample": 0.9983383833447366,
      "hop2_activation_candidate": 0.3526993125468348
    },
    "Selective2Hop_NoLLM": {
      "avg_prompts": 70.86267227055029,
      "avg_time_ms": 521.9906030797898,
      "hop2_activation_sample": 0.9987293519695044,
      "hop2_activation_candidate": 0.4287818069266608
    }
  }
}