{
  "metrics": {
    "Baseline": {
      "Hit@1": 40.55555555555556,
      "Hit@3": 75.57692307692308,
      "Hit@5": 91.88034188034187,
      "MRR": 60.64056930723597
    },
    "iKnow": {
      "Hit@1": 44.230769230769226,
      "Hit@3": 81.43162393162393,
      "Hit@5": 92.3076923076923,
      "MRR": 64.1677450635784
    },
    "Full2Hop": {
      "Hit@1": 50.79059829059829,
      "Hit@3": 80.94017094017094,
      "Hit@5": 91.88034188034187,
      "MRR": 67.70467187133855
    },
    "Selective2Hop_OriginalAgg": {
      "Hit@1": 53.995726495726494,
      "Hit@3": 81.98717948717949,
      "Hit@5": 91.88034188034187,
      "MRR": 69.9343727260394
    },
    "Selective2Hop_Ours": {
      "Hit@1": 50.982905982905976,
      "Hit@3": 81.28205128205128,
      "Hit@5": 91.88034188034187,
      "MRR": 67.87418754085421
    },
    "Selective2Hop_MarginBackoff": {
      "Hit@1": 53.995726495726494,
      "Hit@3": 81.98717948717949,
      "Hit@5": 91.88034188034187,
      "MRR": 69.9343727260394
    }
  },
  "stats": {
    "Baseline": {
      "avg_prompts": 1.0,
      "avg_time_ms": 13.479450115790733
    },
    "iKnow": {
      "avg_prompts": 47.27777777777778,
      "avg_time_ms": 373.44649622582983
    },
    "Full2Hop": {
      "avg_prompts": 456.93824786324785,
      "avg_time_ms": 3484.1829551590813
    },
    "Selective2Hop_OriginalAgg": {
      "avg_prompts": 63.56645299145299,
      "avg_time_ms": 498.91473070169104,
      "hop2_activation_sample": 0.41367521367521365,
      "hop2_activation_candidate": 0.09307692307692308
    },
    "Selective2Hop_Ours": {
      "avg_prompts": 63.56645299145299,
      "avg_time_ms": 499.0180547420795,
      "hop2_activation_sample": 0.41367521367521365,
      "hop2_activation_candidate": 0.09307692307692308
    },
    "Selective2Hop_MarginBackoff": {
      "avg_prompts": 63.56645299145299,
      "avg_time_ms": 500.06066606594965,
      "hop2_activation_sample": 0.41367521367521365,
      "hop2_activation_candidate": 0.09307692307692308,
      "route_choose_orig": 0.9914529914529915
    }
  },
  "meta": {
    "router_type": "confidence_gated_backoff",
    "head_a": "Selective2Hop_OriginalAgg",
    "head_b": "Selective2Hop_Ours",
    "threshold_grid": [
      0.019999999552965164,
      0.05000000074505806,
      0.07999999821186066,
      0.10000000149011612,
      0.11999999731779099,
      0.15000000596046448,
      0.18000000715255737,
      0.20000000298023224
    ],
    "threshold_mean": 0.18000000715255737,
    "thresholds": [
      0.18000000715255737,
      0.18000000715255737,
      0.18000000715255737,
      0.18000000715255737,
      0.18000000715255737
    ],
    "skipped_count": 0
  }
}