{
  "module_path": "/data/zkx/zkx/iknow-audio/17.消融/esc50/test_ablation.py",
  "kappa": 100.0,
  "results": {
    "Baseline": {
      "Hit@1": 91.10000000000001,
      "Hit@3": 96.75,
      "Hit@5": 97.65,
      "MRR": 94.10549431018471,
      "avg_prompts": 1.0,
      "avg_time_ms": 12.863300919532776
    },
    "iKnow": {
      "Hit@1": 91.3,
      "Hit@3": 96.85000000000001,
      "Hit@5": 97.65,
      "MRR": 94.29716097685137,
      "avg_prompts": 47.54,
      "avg_time_ms": 380.9300379753113
    },
    "Full2Hop": {
      "Hit@1": 92.05,
      "Hit@3": 96.65,
      "Hit@5": 97.65,
      "MRR": 94.61382764351804,
      "avg_prompts": 398.284,
      "avg_time_ms": 3060.5900074243546
    },
    "Ours": {
      "Hit@1": 91.95,
      "Hit@3": 96.65,
      "Hit@5": 97.65,
      "MRR": 94.56382764351804,
      "avg_prompts": 48.9055,
      "avg_time_ms": 385.0053210258484,
      "avg_alpha": 0.5535517170220614
    },
    "Selective2Hop_OriginalAgg": {
      "Hit@1": 84.95,
      "Hit@3": 94.75,
      "Hit@5": 97.65,
      "MRR": 90.31716097685137,
      "avg_prompts": 48.9055,
      "avg_time_ms": 385.1977119445801,
      "avg_alpha": 0.5535517170220614
    },
    "Selective2Hop_NoLLM": {
      "Hit@1": 93.2,
      "Hit@3": 97.1,
      "Hit@5": 97.65,
      "MRR": 95.32049431018471,
      "avg_prompts": 69.314,
      "avg_time_ms": 547.2155079841614,
      "avg_alpha": 0.5535517170220614
    }
  }
}