{
  "metrics": {
    "Baseline": {
      "Hit@1": 58.03814713896458,
      "Hit@3": 83.65122615803816,
      "Hit@5": 90.73569482288828,
      "MRR": 72.18165425249893
    },
    "iKnow": {
      "Hit@1": 59.67302452316077,
      "Hit@3": 86.10354223433242,
      "Hit@5": 90.46321525885558,
      "MRR": 73.69618649591402
    },
    "Full2Hop": {
      "Hit@1": 62.39782016348774,
      "Hit@3": 85.01362397820164,
      "Hit@5": 90.73569482288828,
      "MRR": 75.26067332606841
    },
    "Selective2Hop": {
      "Hit@1": 62.125340599455036,
      "Hit@3": 85.28610354223434,
      "Hit@5": 90.73569482288828,
      "MRR": 75.05631365304389
    }
  },
  "stats": {
    "Baseline": {
      "avg_prompts": 1.0,
      "avg_time_ms": 9.904821822039112
    },
    "iKnow": {
      "avg_prompts": 41.762942779291556,
      "avg_time_ms": 321.5913889518551
    },
    "Full2Hop": {
      "avg_prompts": 563.9945504087193,
      "avg_time_ms": 4199.593072366325
    },
    "Selective2Hop": {
      "avg_prompts": 43.35967302452316,
      "avg_time_ms": 334.030838038681,
      "hop2_activation_sample": 0.8256130790190735,
      "hop2_activation_candidate": 0.3138964577656676
    }
  }
}