{
  "metrics": {
    "Baseline": {
      "Hit@1": 57.179161372299866,
      "Hit@3": 79.72827680578634,
      "Hit@5": 86.27700127064803,
      "MRR": 70.09722918383687
    },
    "iKnow": {
      "Hit@1": 58.69416479327534,
      "Hit@3": 80.47111719284527,
      "Hit@5": 87.44013292933242,
      "MRR": 71.25375879535622
    },
    "Full2Hop": {
      "Hit@1": 63.67901475906559,
      "Hit@3": 82.95376796012121,
      "Hit@5": 88.38823184439448,
      "MRR": 74.57875804389272
    },
    "Selective2Hop": {
      "Hit@1": 63.786531130876746,
      "Hit@3": 82.85602580392923,
      "Hit@5": 88.46642556934806,
      "MRR": 74.63681514031217
    }
  },
  "stats": {
    "Baseline": {
      "avg_prompts": 1.0,
      "avg_time_ms": 11.109740768356554
    },
    "iKnow": {
      "avg_prompts": 42.51246212491448,
      "avg_time_ms": 327.67150157614896
    },
    "Full2Hop": {
      "avg_prompts": 228.109471214935,
      "avg_time_ms": 1691.6522138012247
    },
    "Selective2Hop": {
      "avg_prompts": 55.341608835890916,
      "avg_time_ms": 424.3543361501253,
      "hop2_activation_sample": 0.9983383833447366,
      "hop2_activation_candidate": 0.3523865376470205
    }
  }
}