{
  "completed": true,
  "total_samples": 8732,
  "metrics": {
    "Baseline": {
      "Hit@1": 83.57764544205222,
      "Hit@3": 96.59871736142922,
      "Hit@5": 98.59138799816766,
      "MRR": 90.29772811552472
    },
    "iKnow": {
      "Hit@1": 84.69995419147962,
      "Hit@3": 96.7361429225836,
      "Hit@5": 98.59138799816766,
      "MRR": 90.97874811857862
    },
    "Full2Hop": {
      "Hit@1": 85.62757672927165,
      "Hit@3": 96.89647274393037,
      "Hit@5": 98.59138799816766,
      "MRR": 91.40992081670049
    },
    "Ours": {
      "Hit@1": 85.65048098946404,
      "Hit@3": 96.80485570316078,
      "Hit@5": 98.59138799816766,
      "MRR": 91.4068669153415
    },
    "Selective2Hop_OriginalAgg": {
      "Hit@1": 84.87173614292259,
      "Hit@3": 96.12918002748512,
      "Hit@5": 98.59138799816766,
      "MRR": 90.82853434548349
    },
    "Selective2Hop_NoLLM": {
      "Hit@1": 84.82592762253779,
      "Hit@3": 96.91937700412277,
      "Hit@5": 98.59138799816766,
      "MRR": 91.06234866828086
    }
  },
  "stats": {
    "Baseline": {
      "avg_prompts": 1.0,
      "avg_time_ms": 13.629238538877493
    },
    "iKnow": {
      "avg_prompts": 76.11852954649565,
      "avg_time_ms": 569.726399992018
    },
    "Full2Hop": {
      "avg_prompts": 611.6245991754466,
      "avg_time_ms": 4467.399406476792
    },
    "Ours": {
      "avg_prompts": 76.71713238662392,
      "avg_time_ms": 575.4732935460293,
      "hop2_activation_sample": 0.0025194686211635364,
      "hop2_activation_candidate": 0.0012139257901969767
    },
    "Selective2Hop_OriginalAgg": {
      "avg_prompts": 76.71713238662392,
      "avg_time_ms": 575.4812511074068,
      "hop2_activation_sample": 0.0025194686211635364,
      "hop2_activation_candidate": 0.0012139257901969767
    },
    "Selective2Hop_NoLLM": {
      "avg_prompts": 79.52966101694915,
      "avg_time_ms": 594.6386175531343,
      "hop2_activation_sample": 0.02588181401740724,
      "hop2_activation_candidate": 0.005978011910215301
    }
  }
}