{
  "metrics": {
    "Baseline": {
      "Hit@1": 40.40598290598291,
      "Hit@3": 74.61538461538461,
      "Hit@5": 91.23931623931624,
      "MRR": 60.27121922474487
    },
    "iKnow": {
      "Hit@1": 44.1025641025641,
      "Hit@3": 80.1923076923077,
      "Hit@5": 91.96581196581197,
      "MRR": 63.895083015275326
    },
    "Full2Hop": {
      "Hit@1": 49.25213675213676,
      "Hit@3": 79.8931623931624,
      "Hit@5": 91.23931623931624,
      "MRR": 66.70604828457392
    },
    "Selective2Hop": {
      "Hit@1": 49.44444444444444,
      "Hit@3": 80.1923076923077,
      "Hit@5": 91.23931623931624,
      "MRR": 66.86488019340582
    }
  },
  "stats": {
    "Baseline": {
      "avg_prompts": 1.0,
      "avg_time_ms": 13.739584755693745
    },
    "iKnow": {
      "avg_prompts": 47.26730769230769,
      "avg_time_ms": 351.0646544969999
    },
    "Full2Hop": {
      "avg_prompts": 457.3183760683761,
      "avg_time_ms": 3266.4089811663343
    },
    "Selective2Hop": {
      "avg_prompts": 64.75448717948719,
      "avg_time_ms": 476.5143737324283,
      "hop2_activation_sample": 0.4282051282051282,
      "hop2_activation_candidate": 0.0961965811965812
    }
  }
}