{
  "metrics": {
    "Baseline": {
      "Hit@1": 83.55474118185982,
      "Hit@3": 96.53000458085204,
      "Hit@5": 98.74026568941822,
      "MRR": 90.30735790269688
    },
    "iKnow": {
      "Hit@1": 84.61978928080623,
      "Hit@3": 96.83921209344938,
      "Hit@5": 98.74026568941822,
      "MRR": 90.9603201870151
    },
    "Full2Hop": {
      "Hit@1": 85.78790655061842,
      "Hit@3": 96.75904718277599,
      "Hit@5": 98.74026568941822,
      "MRR": 91.46764955027666
    },
    "Selective2Hop": {
      "Hit@1": 85.82226294090701,
      "Hit@3": 96.65597801191022,
      "Hit@5": 98.74026568941822,
      "MRR": 91.47070345163566
    }
  },
  "stats": {
    "Baseline": {
      "avg_prompts": 1.0,
      "avg_time_ms": 13.953848738108979
    },
    "iKnow": {
      "avg_prompts": 76.1066193311956,
      "avg_time_ms": 573.6755472610043
    },
    "Full2Hop": {
      "avg_prompts": 611.5631012368301,
      "avg_time_ms": 4496.351747162234
    },
    "Selective2Hop": {
      "avg_prompts": 76.73064590013743,
      "avg_time_ms": 579.3637338440407,
      "hop2_activation_sample": 0.0025194686211635364,
      "hop2_activation_candidate": 0.0012597343105817682
    }
  }
}