{
  "metrics": {
    "Baseline": {
      "Hit@1": 13.825189098331132,
      "Hit@3": 25.915476047544722,
      "Hit@5": 32.2307599951975,
      "MRR": 23.186558342697214
    },
    "iKnow": {
      "Hit@1": 13.873214071317086,
      "Hit@3": 26.996037939728655,
      "Hit@5": 33.455396806339294,
      "MRR": 23.605285998144957
    },
    "Full2Hop": {
      "Hit@1": 14.491535598511227,
      "Hit@3": 27.608356345299555,
      "Hit@5": 34.20578700924481,
      "MRR": 24.268632397725824
    },
    "Selective2Hop": {
      "Hit@1": 14.341457557930124,
      "Hit@3": 27.47028454796494,
      "Hit@5": 34.085724576779924,
      "MRR": 24.145210716057612
    }
  },
  "stats": {
    "Baseline": {
      "avg_prompts": 1.0,
      "avg_time_ms": 17.83021514849984
    },
    "iKnow": {
      "avg_prompts": 48.92460079241206,
      "avg_time_ms": 376.7022288909035
    },
    "Full2Hop": {
      "avg_prompts": 272.8082602953536,
      "avg_time_ms": 1994.2930937958358
    },
    "Selective2Hop": {
      "avg_prompts": 88.56963621082963,
      "avg_time_ms": 664.3227793214587,
      "hop2_activation_sample": 0.9947772841877777,
      "hop2_activation_candidate": 0.4540360987713611
    }
  }
}