{"next_index": 20, "total_samples": 20, "results": {"Baseline": {"ranks": [11, 12, 7, 2, 2, 10, 1, 5, 10, 3, 31, 49, 1, 2, 5, 1, 1, 6, 1, 1], "times": [172.38116264343262, 17.95196533203125, 16.401052474975586, 17.803430557250977, 17.14611053466797, 17.67277717590332, 15.037059783935547, 18.08953285217285, 18.85986328125, 17.426490783691406, 16.14975929260254, 17.89546012878418, 17.980337142944336, 15.974283218383789, 18.92828941345215, 16.41106605529785, 14.938831329345703, 17.49110221862793, 14.828205108642578, 16.27373695373535], "prompts": [1, 1, 1, 1, 1, 1, 1, 1, 1, 1, 1, 1, 1, 1, 1, 1, 1, 1, 1, 1]}, "iKnow": {"ranks": [11, 12, 7, 2, 2, 10, 1, 4, 10, 3, 31, 49, 2, 2, 5, 1, 2, 6, 1, 1], "times": [417.5984859466553, 107.2382926940918, 253.86548042297363, 17.822742462158203, 17.18425750732422, 136.69538497924805, 223.21844100952148, 270.13325691223145, 212.86869049072266, 229.7682762145996, 314.5716190338135, 230.54814338684082, 255.39040565490723, 314.1007423400879, 111.22989654541016, 92.05007553100586, 297.9402542114258, 17.52758026123047, 14.875173568725586, 458.78076553344727], "prompts": [26, 10, 26, 0, 0, 14, 24, 30, 22, 24, 34, 26, 25, 34, 10, 8, 32, 0, 0, 49]}, "Full2Hop": {"ranks": [11, 12, 7, 2, 2, 10, 1, 5, 10, 3, 31, 49, 2, 2, 5, 1, 1, 6, 1, 1], "times": [1890.873670578003, 537.344217300415, 2008.4161758422852, 17.949342727661133, 17.32635498046875, 1181.337833404541, 1847.9688167572021, 2141.698122024536, 1481.2614917755127, 1305.924415588379, 2351.5114784240723, 1584.7232341766357, 1949.7129917144775, 2321.1562633514404, 670.3941822052002, 495.79310417175293, 1708.0399990081787, 17.639636993408203, 14.983177185058594, 3937.373399734497], "prompts": [199, 54, 229, 0, 0, 138, 215, 270, 176, 161, 279, 207, 233, 267, 78, 61, 215, 0, 0, 506]}, "Ours": {"ranks": [11, 12, 7, 2, 2, 10, 1, 5, 10, 3, 31, 49, 2, 2, 5, 1, 1, 6, 1, 1], "times": [366.3926124572754, 417.6814556121826, 211.90404891967773, 18.07260513305664, 17.430782318115234, 121.89698219299316, 198.9743709564209, 241.81389808654785, 182.59906768798828, 198.71807098388672, 269.5903778076172, 210.87980270385742, 203.86433601379395, 269.3829536437988, 93.28389167785645, 76.17521286010742, 252.77400016784668, 17.76289939880371, 15.094995498657227, 378.68237495422363], "prompts": [26, 54, 26, 0, 0, 14, 24, 30, 22, 24, 34, 26, 25, 34, 10, 8, 32, 0, 0, 49], "hop2_activation_sample": [true, true, true, true, true, true, true, true, true, true, true, true, true, true, true, true, true, true, true, false], "hop2_activation_candidate": [0.4, 1.0, 0.4, 1.0, 1.0, 0.8, 0.6, 0.4, 0.6, 0.4, 0.4, 0.4, 0.4, 0.4, 0.8, 0.8, 0.4, 1.0, 1.0, 0.0], "alphas": [0.6656849145889283, 0.6322439908981323, 0.6116981983184815, 0.6581157445907593, 0.6523314952850342, 0.6417821645736694, 0.6066465139389039, 0.6160330772399902, 0.6600358486175537, 0.6068522453308106, 0.593643069267273, 0.6308803081512452, 0.6569336652755737, 0.6460028409957886, 0.646424150466919, 0.6575163364410401, 0.6517205238342285, 0.6126995086669922, 0.6623494148254394, 0.6102088928222656]}, "Selective2Hop_OriginalAgg": {"ranks": [11, 12, 7, 2, 2, 10, 1, 5, 10, 3, 31, 49, 2, 3, 5, 1, 2, 6, 1, 1], "times": [370.0292110443115, 417.7684783935547, 209.87582206726074, 18.055438995361328, 17.42100715637207, 121.86169624328613, 195.18113136291504, 248.22306632995605, 182.47628211975098, 196.4097023010254, 272.44043350219727, 209.80453491210938, 203.83977890014648, 271.636962890625, 99.5626449584961, 76.16591453552246, 252.66337394714355, 17.742633819580078, 15.089988708496094, 378.2377243041992], "prompts": [26, 54, 26, 0, 0, 14, 24, 30, 22, 24, 34, 26, 25, 34, 10, 8, 32, 0, 0, 49], "hop2_activation_sample": [true, true, true, true, true, true, true, true, true, true, true, true, true, true, true, true, true, true, true, false], "hop2_activation_candidate": [0.4, 1.0, 0.4, 1.0, 1.0, 0.8, 0.6, 0.4, 0.6, 0.4, 0.4, 0.4, 0.4, 0.4, 0.8, 0.8, 0.4, 1.0, 1.0, 0.0], "alphas": [0.6656849145889283, 0.6322439908981323, 0.6116981983184815, 0.6581157445907593, 0.6523314952850342, 0.6417821645736694, 0.6066465139389039, 0.6160330772399902, 0.6600358486175537, 0.6068522453308106, 0.593643069267273, 0.6308803081512452, 0.6569336652755737, 0.6460028409957886, 0.646424150466919, 0.6575163364410401, 0.6517205238342285, 0.6126995086669922, 0.6623494148254394, 0.6102088928222656]}, "Selective2Hop_NoLLM": {"ranks": [11, 12, 7, 2, 2, 10, 1, 5, 10, 3, 31, 49, 2, 2, 5, 1, 1, 6, 1, 1], "times": [367.22707748413086, 421.57959938049316, 209.67960357666016, 18.047809600830078, 17.426252365112305, 122.04527854919434, 192.47794151306152, 244.3678379058838, 186.3079071044922, 196.2871551513672, 268.1620121002197, 209.96856689453125, 203.91535758972168, 269.702672958374, 93.61910820007324, 76.20024681091309, 252.8853416442871, 17.732858657836914, 15.081405639648438, 380.1250457763672], "prompts": [26, 54, 26, 0, 0, 14, 24, 30, 22, 24, 34, 26, 25, 34, 10, 8, 32, 0, 0, 49], "hop2_activation_sample": [true, true, true, true, true, true, true, true, true, true, true, true, true, true, true, true, true, true, true, false], "hop2_activation_candidate": [0.4, 1.0, 0.4, 1.0, 1.0, 0.8, 0.6, 0.4, 0.6, 0.4, 0.4, 0.4, 0.4, 0.4, 0.8, 0.8, 0.4, 1.0, 1.0, 0.0], "alphas": [0.6656849145889283, 0.6322439908981323, 0.6116981983184815, 0.6581157445907593, 0.6523314952850342, 0.6417821645736694, 0.6066465139389039, 0.6160330772399902, 0.6600358486175537, 0.6068522453308106, 0.593643069267273, 0.6308803081512452, 0.6569336652755737, 0.6460028409957886, 0.646424150466919, 0.6575163364410401, 0.6517205238342285, 0.6126995086669922, 0.6623494148254394, 0.6102088928222656]}}}