{
  "metrics": {
    "Baseline": {
      "Hit@1": 40.534188034188034,
      "Hit@3": 74.67948717948718,
      "Hit@5": 91.58119658119658,
      "MRR": 60.22829271867734
    },
    "iKnow": {
      "Hit@1": 43.86752136752137,
      "Hit@3": 80.32051282051282,
      "Hit@5": 91.7948717948718,
      "MRR": 63.885954501339114
    },
    "Full2Hop": {
      "Hit@1": 50.49145299145299,
      "Hit@3": 80.47008547008548,
      "Hit@5": 91.58119658119658,
      "MRR": 67.37857761896223
    },
    "Selective2Hop_OriginalAgg": {
      "Hit@1": 53.46153846153846,
      "Hit@3": 81.7094017094017,
      "Hit@5": 91.58119658119658,
      "MRR": 69.52209613748074
    },
    "Selective2Hop_StaticAlpha": {
      "Hit@1": 50.66239316239316,
      "Hit@3": 80.81196581196582,
      "Hit@5": 91.58119658119658,
      "MRR": 67.53171152209613
    },
    "Selective2Hop_CandidateGainAlpha": {
      "Hit@1": 52.00854700854701,
      "Hit@3": 82.3076923076923,
      "Hit@5": 91.58119658119658,
      "MRR": 68.77494514032976
    }
  },
  "stats": {
    "Baseline": {
      "avg_prompts": 1.0,
      "avg_time_ms": 12.946312753563253
    },
    "iKnow": {
      "avg_prompts": 47.2008547008547,
      "avg_time_ms": 358.84225368499756
    },
    "Full2Hop": {
      "avg_prompts": 456.4307692307692,
      "avg_time_ms": 3346.228343604976
    },
    "Selective2Hop_OriginalAgg": {
      "avg_prompts": 63.9207264957265,
      "avg_time_ms": 482.7991617541028,
      "hop2_activation_sample": 0.43141025641025643,
      "hop2_activation_candidate": 0.09611111111111112
    },
    "Selective2Hop_StaticAlpha": {
      "avg_prompts": 63.9207264957265,
      "avg_time_ms": 482.9040652156895,
      "hop2_activation_sample": 0.43141025641025643,
      "hop2_activation_candidate": 0.09611111111111112
    },
    "Selective2Hop_CandidateGainAlpha": {
      "avg_prompts": 63.9207264957265,
      "avg_time_ms": 483.0357117021186,
      "hop2_activation_sample": 0.43141025641025643,
      "hop2_activation_candidate": 0.09611111111111112
    }
  }
}