{
  "module_path": "/data/zkx/zkx/iknow-audio/17.消融/tut2017/test_ablation.py",
  "kappa": 100.0,
  "results": {
    "Baseline": {
      "Hit@1": 40.55555555555556,
      "Hit@3": 75.57692307692308,
      "Hit@5": 91.75213675213675,
      "MRR": 60.469845681384136,
      "avg_prompts": 1.0,
      "avg_time_ms": 14.400161840976812
    },
    "iKnow": {
      "Hit@1": 44.14529914529914,
      "Hit@3": 80.96153846153847,
      "Hit@5": 92.09401709401709,
      "MRR": 64.10499525403371,
      "avg_prompts": 47.24722222222222,
      "avg_time_ms": 385.9755505863418
    },
    "Full2Hop": {
      "Hit@1": 49.914529914529915,
      "Hit@3": 80.36324786324786,
      "Hit@5": 91.75213675213675,
      "MRR": 67.13686847340693,
      "avg_prompts": 456.8247863247863,
      "avg_time_ms": 3593.4753786294887
    },
    "Ours": {
      "Hit@1": 50.042735042735046,
      "Hit@3": 80.61965811965813,
      "Hit@5": 91.75213675213675,
      "MRR": 67.2600878466263,
      "avg_prompts": 64.20961538461539,
      "avg_time_ms": 521.3051268178174,
      "avg_alpha": 0.5604242878821162
    },
    "Selective2Hop_OriginalAgg": {
      "Hit@1": 54.059829059829056,
      "Hit@3": 82.5,
      "Hit@5": 91.75213675213675,
      "MRR": 69.97376306030154,
      "avg_prompts": 64.20961538461539,
      "avg_time_ms": 520.685779895538,
      "avg_alpha": 0.5604242878821162
    },
    "Selective2Hop_NoLLM": {
      "Hit@1": 44.76495726495727,
      "Hit@3": 80.14957264957265,
      "Hit@5": 92.05128205128204,
      "MRR": 64.41919108906288,
      "avg_prompts": 108.43397435897435,
      "avg_time_ms": 866.1434772177639,
      "avg_alpha": 0.5604242878821162
    }
  }
}