{
  "module_path": "/data/zkx/zkx/iknow-audio/17_ablation/tut2017/test_ablation.py",
  "kappa": 5.0,
  "results": {
    "Baseline": {
      "Hit@1": 40.38461538461539,
      "Hit@3": 74.8931623931624,
      "Hit@5": 91.7948717948718,
      "MRR": 60.2823467486929,
      "avg_prompts": 1.0,
      "avg_time_ms": 13.558450468585022
    },
    "iKnow": {
      "Hit@1": 49.93589743589744,
      "Hit@3": 82.00854700854701,
      "Hit@5": 92.86324786324786,
      "MRR": 67.58222434023716,
      "avg_prompts": 47.260897435897434,
      "avg_time_ms": 365.77500787555664
    },
    "Full2Hop": {
      "Hit@1": 49.44444444444444,
      "Hit@3": 80.76923076923077,
      "Hit@5": 91.7948717948718,
      "MRR": 66.94545216179833,
      "avg_prompts": 457.1,
      "avg_time_ms": 3402.6765066334324
    },
    "Ours": {
      "Hit@1": 49.636752136752136,
      "Hit@3": 81.04700854700855,
      "Hit@5": 91.81623931623932,
      "MRR": 67.11959746094361,
      "avg_prompts": 63.24209401709402,
      "avg_time_ms": 482.99490753402057,
      "avg_alpha": 0.5602775587892941
    },
    "Selective2Hop_OriginalAgg": {
      "Hit@1": 55.61965811965812,
      "Hit@3": 82.47863247863248,
      "Hit@5": 91.7948717948718,
      "MRR": 70.89452623587239,
      "avg_prompts": 63.24209401709402,
      "avg_time_ms": 483.0290576331636,
      "avg_alpha": 0.5602775587892941
    },
    "Selective2Hop_NoLLM": {
      "Hit@1": 44.636752136752136,
      "Hit@3": 80.38461538461539,
      "Hit@5": 92.90598290598291,
      "MRR": 64.47833440301389,
      "avg_prompts": 108.8130341880342,
      "avg_time_ms": 813.5552542331891,
      "avg_alpha": 0.5602775587892941
    }
  }
}