{
  "module_path": "/data/zkx/zkx/iknow-audio/17.消融/tut2017/test_ablation.py",
  "kappa": 50.0,
  "results": {
    "Baseline": {
      "Hit@1": 39.44444444444444,
      "Hit@3": 74.78632478632478,
      "Hit@5": 91.53846153846153,
      "MRR": 59.8122921119716,
      "avg_prompts": 1.0,
      "avg_time_ms": 14.456406312111097
    },
    "iKnow": {
      "Hit@1": 46.23931623931624,
      "Hit@3": 81.02564102564102,
      "Hit@5": 92.15811965811966,
      "MRR": 65.35429717481,
      "avg_prompts": 47.175,
      "avg_time_ms": 376.1383481005318
    },
    "Full2Hop": {
      "Hit@1": 48.63247863247863,
      "Hit@3": 80.25641025641026,
      "Hit@5": 91.51709401709401,
      "MRR": 66.35202552670502,
      "avg_prompts": 456.1044871794872,
      "avg_time_ms": 3493.837137100024
    },
    "Ours": {
      "Hit@1": 48.86752136752136,
      "Hit@3": 80.44871794871796,
      "Hit@5": 91.51709401709401,
      "MRR": 66.53186883154831,
      "avg_prompts": 63.78867521367521,
      "avg_time_ms": 502.3190401048742,
      "avg_alpha": 0.5603794595076999
    },
    "Selective2Hop_OriginalAgg": {
      "Hit@1": 52.84188034188034,
      "Hit@3": 81.73076923076923,
      "Hit@5": 91.51709401709401,
      "MRR": 69.22415108633056,
      "avg_prompts": 63.78867521367521,
      "avg_time_ms": 502.27973089258893,
      "avg_alpha": 0.5603794595076999
    },
    "Selective2Hop_NoLLM": {
      "Hit@1": 43.995726495726494,
      "Hit@3": 79.67948717948717,
      "Hit@5": 91.98717948717949,
      "MRR": 63.88440749658698,
      "avg_prompts": 107.02264957264957,
      "avg_time_ms": 825.377570411079,
      "avg_alpha": 0.5603794595076999
    }
  }
}