{
  "metrics": {
    "Baseline": {
      "Hit@1": 83.42876775080164,
      "Hit@3": 96.6903344021988,
      "Hit@5": 98.64864864864865,
      "MRR": 90.2427987915276
    },
    "iKnow": {
      "Hit@1": 84.7457627118644,
      "Hit@3": 96.89647274393037,
      "Hit@5": 98.64864864864865,
      "MRR": 91.01028237680781
    },
    "Full2Hop": {
      "Hit@1": 85.92533211177279,
      "Hit@3": 96.87356848373797,
      "Hit@5": 98.64864864864865,
      "MRR": 91.57334543987088
    },
    "Selective2Hop": {
      "Hit@1": 85.95968850206138,
      "Hit@3": 96.78195144296839,
      "Hit@5": 98.64864864864865,
      "MRR": 91.57601760355996
    }
  },
  "stats": {
    "Baseline": {
      "avg_prompts": 1.0,
      "avg_time_ms": 13.677853894681489
    },
    "iKnow": {
      "avg_prompts": 76.1117727897389,
      "avg_time_ms": 574.3665247131694
    },
    "Full2Hop": {
      "avg_prompts": 611.6432661475035,
      "avg_time_ms": 4500.229468872063
    },
    "Selective2Hop": {
      "avg_prompts": 76.7322491983509,
      "avg_time_ms": 580.0585951272141,
      "hop2_activation_sample": 0.0025194686211635364,
      "hop2_activation_candidate": 0.0012597343105817682
    }
  }
}