{
  "metrics": {
    "Baseline": {
      "Hit@1": 91.10000000000001,
      "Hit@3": 96.75,
      "Hit@5": 97.65,
      "MRR": 94.10549431018471
    },
    "iKnow": {
      "Hit@1": 91.3,
      "Hit@3": 96.85000000000001,
      "Hit@5": 97.65,
      "MRR": 94.29716097685137
    },
    "Full2Hop": {
      "Hit@1": 92.0,
      "Hit@3": 96.85000000000001,
      "Hit@5": 97.65,
      "MRR": 94.66632764351804
    },
    "Selective2Hop_OriginalAgg": {
      "Hit@1": 87.5,
      "Hit@3": 96.45,
      "Hit@5": 97.65,
      "MRR": 92.0679943101847
    },
    "Selective2Hop_Ours": {
      "Hit@1": 92.05,
      "Hit@3": 96.85000000000001,
      "Hit@5": 97.65,
      "MRR": 94.69966097685138
    },
    "Selective2Hop_MarginBackoff": {
      "Hit@1": 91.4,
      "Hit@3": 96.85000000000001,
      "Hit@5": 97.65,
      "MRR": 94.35549431018472
    }
  },
  "stats": {
    "Baseline": {
      "avg_prompts": 1.0,
      "avg_time_ms": 13.301872372627258
    },
    "iKnow": {
      "avg_prompts": 47.54,
      "avg_time_ms": 387.14357113838196
    },
    "Full2Hop": {
      "avg_prompts": 398.284,
      "avg_time_ms": 3128.761992454529
    },
    "Selective2Hop_OriginalAgg": {
      "avg_prompts": 57.915,
      "avg_time_ms": 469.1704933643341,
      "hop2_activation_sample": 0.45,
      "hop2_activation_candidate": 0.1293
    },
    "Selective2Hop_Ours": {
      "avg_prompts": 57.915,
      "avg_time_ms": 469.3916275501251,
      "hop2_activation_sample": 0.45,
      "hop2_activation_candidate": 0.1293
    },
    "Selective2Hop_MarginBackoff": {
      "avg_prompts": 57.915,
      "avg_time_ms": 471.0731498003006,
      "hop2_activation_sample": 0.45,
      "hop2_activation_candidate": 0.1293,
      "route_choose_orig": 0.0645
    }
  },
  "meta": {
    "router_type": "confidence_gated_backoff",
    "head_a": "Selective2Hop_OriginalAgg",
    "head_b": "Selective2Hop_Ours",
    "threshold_grid": [
      0.019999999552965164,
      0.05000000074505806,
      0.07999999821186066,
      0.10000000149011612,
      0.11999999731779099,
      0.15000000596046448,
      0.18000000715255737,
      0.20000000298023224
    ],
    "threshold_mean": 0.019999999552965164,
    "thresholds": [
      0.019999999552965164,
      0.019999999552965164,
      0.019999999552965164,
      0.019999999552965164,
      0.019999999552965164
    ],
    "skipped_count": 0
  }
}