{
  "metrics": {
    "Baseline": {
      "Hit@1": 39.95726495726496,
      "Hit@3": 74.93589743589743,
      "Hit@5": 91.47435897435898,
      "MRR": 60.03553669739566
    },
    "iKnow": {
      "Hit@1": 43.97435897435897,
      "Hit@3": 80.83333333333333,
      "Hit@5": 92.02991452991452,
      "MRR": 63.865868402727365
    },
    "Full2Hop": {
      "Hit@1": 49.72222222222222,
      "Hit@3": 80.40598290598291,
      "Hit@5": 91.47435897435898,
      "MRR": 67.04764495950394
    },
    "Selective2Hop": {
      "Hit@1": 49.914529914529915,
      "Hit@3": 80.66239316239316,
      "Hit@5": 91.47435897435898,
      "MRR": 67.20790136976034
    }
  },
  "stats": {
    "Baseline": {
      "avg_prompts": 1.0,
      "avg_time_ms": 14.512001398282173
    },
    "iKnow": {
      "avg_prompts": 47.22200854700855,
      "avg_time_ms": 364.4761568460709
    },
    "Full2Hop": {
      "avg_prompts": 456.8121794871795,
      "avg_time_ms": 3385.83513039809
    },
    "Selective2Hop": {
      "avg_prompts": 63.08418803418803,
      "avg_time_ms": 482.3777394926446,
      "hop2_activation_sample": 0.42799145299145297,
      "hop2_activation_candidate": 0.09376068376068375
    }
  }
}