{
  "module_path": "/data/zkx/zkx/iknow-audio/16.综合/tut2017/test.py",
  "kappa": 5.0,
  "results": {
    "Baseline": {
      "Hit@1": 39.871794871794876,
      "Hit@3": 74.8931623931624,
      "Hit@5": 92.41452991452992,
      "MRR": 59.96955869391767,
      "avg_prompts": 1.0,
      "avg_time_ms": 14.172595637476343,
      "trigger_rate": NaN
    },
    "1-Hop": {
      "Hit@1": 48.69658119658119,
      "Hit@3": 83.78205128205128,
      "Hit@5": 93.9957264957265,
      "MRR": 67.59465813151711,
      "avg_prompts": 47.22136752136752,
      "avg_time_ms": 362.2065288898272,
      "trigger_rate": NaN
    },
    "All 2-Hop": {
      "Hit@1": 49.42307692307693,
      "Hit@3": 81.51709401709401,
      "Hit@5": 92.41452991452992,
      "MRR": 67.24769259705158,
      "avg_prompts": 456.7801282051282,
      "avg_time_ms": 3364.143377695328,
      "trigger_rate": NaN
    },
    "Selective": {
      "Hit@1": 50.128205128205124,
      "Hit@3": 81.75213675213675,
      "Hit@5": 92.43589743589745,
      "MRR": 67.66578376514273,
      "avg_prompts": 63.947863247863246,
      "avg_time_ms": 486.1696033905714,
      "trigger_rate": 0.4282051282051282,
      "avg_alpha": 0.5603283293710815
    }
  }
}