{
  "module_path": "/data/zkx/zkx/iknow-audio/16.综合/tut2017/test.py",
  "kappa": 10.0,
  "results": {
    "Baseline": {
      "Hit@1": 40.47008547008547,
      "Hit@3": 75.1068376068376,
      "Hit@5": 91.96581196581197,
      "MRR": 60.39548871119385,
      "avg_prompts": 1.0,
      "avg_time_ms": 13.62079315715366,
      "trigger_rate": NaN
    },
    "1-Hop": {
      "Hit@1": 48.26923076923077,
      "Hit@3": 82.7136752136752,
      "Hit@5": 93.37606837606837,
      "MRR": 67.16831310901824,
      "avg_prompts": 47.251709401709405,
      "avg_time_ms": 369.1831677897364,
      "trigger_rate": NaN
    },
    "All 2-Hop": {
      "Hit@1": 49.743589743589745,
      "Hit@3": 80.81196581196582,
      "Hit@5": 91.96581196581197,
      "MRR": 67.24662831233344,
      "avg_prompts": 457.1391025641026,
      "avg_time_ms": 3438.0083633284285,
      "trigger_rate": NaN
    },
    "Selective": {
      "Hit@1": 50.34188034188034,
      "Hit@3": 81.02564102564102,
      "Hit@5": 91.94444444444444,
      "MRR": 67.60667104737618,
      "avg_prompts": 64.13397435897436,
      "avg_time_ms": 497.5498011479011,
      "trigger_rate": 0.43012820512820515,
      "avg_alpha": 0.5604177050674573
    }
  }
}