{
  "module_path": "/data/zkx/zkx/iknow-audio/16.综合/tut2017/test.py",
  "kappa": 20.0,
  "results": {
    "Baseline": {
      "Hit@1": 39.508547008547005,
      "Hit@3": 75.06410256410257,
      "Hit@5": 91.58119658119658,
      "MRR": 59.89581815383096,
      "avg_prompts": 1.0,
      "avg_time_ms": 13.740350904627743,
      "trigger_rate": NaN
    },
    "1-Hop": {
      "Hit@1": 47.179487179487175,
      "Hit@3": 82.45726495726495,
      "Hit@5": 92.88461538461539,
      "MRR": 66.32848348232963,
      "avg_prompts": 47.2190170940171,
      "avg_time_ms": 382.3973325582651,
      "trigger_rate": NaN
    },
    "All 2-Hop": {
      "Hit@1": 49.700854700854705,
      "Hit@3": 80.96153846153847,
      "Hit@5": 91.58119658119658,
      "MRR": 67.18000618801902,
      "avg_prompts": 456.6955128205128,
      "avg_time_ms": 3564.6037749245634,
      "trigger_rate": NaN
    },
    "Selective": {
      "Hit@1": 49.957264957264954,
      "Hit@3": 81.19658119658119,
      "Hit@5": 91.6025641025641,
      "MRR": 67.35842499143783,
      "avg_prompts": 63.37094017094017,
      "avg_time_ms": 507.95130459671344,
      "trigger_rate": 0.42735042735042733,
      "avg_alpha": 0.5602735647724736
    }
  }
}